{"zip": "95054", "sector": "Technology", "fullTimeEmployees": 15500, "longBusinessSummary": "Advanced Micro Devices, Inc. operates as a semiconductor company worldwide. The company operates in two segments, Computing and Graphics; and Enterprise, Embedded and Semi-Custom. Its products include x86 microprocessors as an accelerated processing unit, chipsets, discrete and integrated graphics processing units (GPUs), data center and professional GPUs, and development services; and server and embedded processors, and semi-custom System-on-Chip (SoC) products, development services, and technology for game consoles. The company provides processors for desktop and notebook personal computers under the AMD Ryzen, AMD Ryzen PRO, Ryzen Threadripper, Ryzen Threadripper PRO, AMD Athlon, AMD Athlon PRO, AMD FX, AMD A-Series, and AMD PRO A-Series processors brands; discrete GPUs for desktop and notebook PCs under the AMD Radeon graphics, AMD Embedded Radeon graphics brands; and professional graphics products under the AMD Radeon Pro and AMD FirePro graphics brands. It also offers Radeon Instinct, Radeon PRO V-series, and AMD Instinct accelerators for servers; chipsets under the AMD trademark; microprocessors for servers under the AMD EPYC; embedded processor solutions under the AMD Athlon, AMD Geode, AMD Ryzen, AMD EPYC, AMD R-Series, and G-Series processors brands; and customer-specific solutions based on AMD CPU, GPU, and multi-media technologies, as well as semi-custom SoC products. It serves original equipment manufacturers, public cloud service providers, original design manufacturers, system integrators, independent distributors, online retailers, and add-in-board manufacturers through its direct sales force, independent distributors, and sales representatives. The company was incorporated in 1969 and is headquartered in Santa Clara, California.", "city": "Santa Clara", "phone": "408 749 4000", "state": "CA", "country": "United States", "companyOfficers": [], "website": "https://www.amd.com", "maxAge": 1, "address1": "2485 Augustine Drive", "industry": "Semiconductors", "ebitdaMargins": 0.24674, "profitMargins": 0.19240999, "grossMargins": 0.48248002, "operatingCashflow": 3520999936, "revenueGrowth": 0.488, "operatingMargins": 0.22198, "ebitda": 4055000064, "targetLowPrice": 107, "recommendationKey": "buy", "grossProfits": 7929000000, "freeCashflow": 3122749952, "targetMedianPrice": 150, "currentPrice": 119.22, "earningsGrowth": -0.454, "currentRatio": 2.024, "returnOnAssets": 0.21327, "numberOfAnalystOpinions": 38, "targetMeanPrice": 152.02, "debtToEquity": 9.764, "returnOnEquity": 0.47428, "targetHighPrice": 200, "totalCash": 3608000000, "totalDebt": 732000000, "totalRevenue": 16433999872, "totalCashPerShare": 3.008, "financialCurrency": "USD", "revenuePerShare": 13.548, "quickRatio": 1.49, "recommendationMean": 2.2, "exchange": "NMS", "shortName": "Advanced Micro Devices, Inc.", "longName": "Advanced Micro Devices, Inc.", "exchangeTimezoneName": "America/New_York", "exchangeTimezoneShortName": "EDT", "isEsgPopulated": false, "gmtOffSetMilliseconds": "-14400000", "quoteType": "EQUITY", "symbol": "AMD", "messageBoardId": "finmb_168864", "market": "us_market", "annualHoldingsTurnover": null, "enterpriseToRevenue": 8.525, "beta3Year": null, "enterpriseToEbitda": 34.551, "52WeekChange": 0.51966953, "morningStarRiskRating": null, "forwardEps": 4.72, "revenueQuarterlyGrowth": null, "sharesOutstanding": 1627360000, "fundInceptionDate": null, "annualReportExpenseRatio": null, "totalAssets": null, "bookValue": 6.211, "sharesShort": 27776129, "sharesPercentSharesOut": 0.0171, "fundFamily": null, "lastFiscalYearEnd": 1640390400, "heldPercentInstitutions": 0.52896, "netIncomeToCommon": 3161999872, "trailingEps": 2.57, "lastDividendValue": 0.005, "SandP52WeekChange": 0.15217662, "priceToBook": 19.194977, "heldPercentInsiders": 0.00328, "nextFiscalYearEnd": 1703462400, "yield": null, "mostRecentQuarter": 1640390400, "shortRatio": 0.24, "sharesShortPreviousMonthDate": 1644883200, "floatShares": 1193798619, "beta": 1.848425, "enterpriseValue": 140104957952, "priceHint": 2, "threeYearAverageReturn": null, "lastSplitDate": 966902400, "lastSplitFactor": "2:1", "legalType": null, "lastDividendDate": 798940800, "morningStarOverallRating": null, "earningsQuarterlyGrowth": -0.453, "priceToSalesTrailing12Months": 11.805638, "dateShortInterest": 1647302400, "pegRatio": 0.99, "ytdReturn": null, "forwardPE": 25.258476, "lastCapGain": null, "shortPercentOfFloat": 0.0171, "sharesShortPriorMonth": 88709340, "impliedSharesOutstanding": 0, "category": null, "fiveYearAverageReturn": null, "previousClose": 123.23, "regularMarketOpen": 123.04, "twoHundredDayAverage": 116.6998, "trailingAnnualDividendYield": 0, "payoutRatio": 0, "volume24Hr": null, "regularMarketDayHigh": 125.66, "navPrice": null, "averageDailyVolume10Day": 102167370, "regularMarketPreviousClose": 123.23, "fiftyDayAverage": 115.95, "trailingAnnualDividendRate": 0, "open": 123.04, "toCurrency": null, "averageVolume10days": 102167370, "expireDate": null, "algorithm": null, "dividendRate": null, "exDividendDate": 798940800, "circulatingSupply": null, "startDate": null, "regularMarketDayLow": 118.59, "currency": "USD", "trailingPE": 46.389107, "regularMarketVolume": 99476946, "lastMarket": null, "maxSupply": null, "openInterest": null, "marketCap": 194013855744, "volumeAllCurrencies": null, "strikePrice": null, "averageVolume": 102428813, "dayLow": 118.59, "ask": 117.24, "askSize": 1100, "volume": 99476946, "fiftyTwoWeekHigh": 164.46, "fromCurrency": null, "fiveYearAvgDividendYield": null, "fiftyTwoWeekLow": 72.5, "bid": 117.24, "tradeable": false, "dividendYield": null, "bidSize": 900, "dayHigh": 125.66, "regularMarketPrice": 119.22, "preMarketPrice": 116.98, "logo_url": "https://logo.clearbit.com/amd.com"}