{"zip": "95014", "sector": "Technology", "fullTimeEmployees": 100000, "longBusinessSummary": "Apple Inc. designs, manufactures, and markets smartphones, personal computers, tablets, wearables, and accessories worldwide. It also sells various related services. In addition, the company offers iPhone, a line of smartphones; Mac, a line of personal computers; iPad, a line of multi-purpose tablets; AirPods Max, an over-ear wireless headphone; and wearables, home, and accessories comprising AirPods, Apple TV, Apple Watch, Beats products, HomePod, and iPod touch. Further, it provides AppleCare support services; cloud services store services; and operates various platforms, including the App Store that allow customers to discover and download applications and digital content, such as books, music, video, games, and podcasts. Additionally, the company offers various services, such as Apple Arcade, a game subscription service; Apple Music, which offers users a curated listening experience with on-demand radio stations; Apple News+, a subscription news and magazine service; Apple TV+, which offers exclusive original content; Apple Card, a co-branded credit card; and Apple Pay, a cashless payment service, as well as licenses its intellectual property. The company serves consumers, and small and mid-sized businesses; and the education, enterprise, and government markets. It distributes third-party applications for its products through the App Store. The company also sells its products through its retail and online stores, and direct sales force; and third-party cellular network carriers, wholesalers, retailers, and resellers. Apple Inc. was incorporated in 1977 and is headquartered in Cupertino, California.", "city": "Cupertino", "phone": "408 996 1010", "state": "CA", "country": "United States", "companyOfficers": [], "website": "https://www.apple.com", "maxAge": 1, "address1": "One Apple Park Way", "industry": "Consumer Electronics", "ebitdaMargins": 0.33890998, "profitMargins": 0.26579002, "grossMargins": 0.43019, "operatingCashflow": 112241000448, "revenueGrowth": 0.112, "operatingMargins": 0.309, "ebitda": 128217997312, "targetLowPrice": 160, "recommendationKey": "buy", "grossProfits": 152836000000, "freeCashflow": 80153247744, "targetMedianPrice": 199.5, "currentPrice": 177.77, "earningsGrowth": 0.25, "currentRatio": 1.038, "returnOnAssets": 0.19875, "numberOfAnalystOpinions": 44, "targetMeanPrice": 193.53, "debtToEquity": 170.714, "returnOnEquity": 1.45567, "targetHighPrice": 215, "totalCash": 63913000960, "totalDebt": 122797998080, "totalRevenue": 378323009536, "totalCashPerShare": 3.916, "financialCurrency": "USD", "revenuePerShare": 22.838, "quickRatio": 0.875, "recommendationMean": 1.8, "exchange": "NMS", "shortName": "Apple Inc.", "longName": "Apple Inc.", "exchangeTimezoneName": "America/New_York", "exchangeTimezoneShortName": "EDT", "isEsgPopulated": false, "gmtOffSetMilliseconds": "-14400000", "quoteType": "EQUITY", "symbol": "AAPL", "messageBoardId": "finmb_24937", "market": "us_market", "annualHoldingsTurnover": null, "enterpriseToRevenue": 7.824, "beta3Year": null, "enterpriseToEbitda": 23.086, "52WeekChange": 0.4549594, "morningStarRiskRating": null, "forwardEps": 6.56, "revenueQuarterlyGrowth": null, "sharesOutstanding": 16319399936, "fundInceptionDate": null, "annualReportExpenseRatio": null, "totalAssets": null, "bookValue": 4.402, "sharesShort": 111286790, "sharesPercentSharesOut": 0.0068, "fundFamily": null, "lastFiscalYearEnd": 1632528000, "heldPercentInstitutions": 0.59397, "netIncomeToCommon": 100554997760, "trailingEps": 6.015, "lastDividendValue": 0.22, "SandP52WeekChange": 0.15217662, "priceToBook": 40.38392, "heldPercentInsiders": 0.0007, "nextFiscalYearEnd": 1695600000, "yield": null, "mostRecentQuarter": 1640390400, "shortRatio": 1.21, "sharesShortPreviousMonthDate": 1644883200, "floatShares": 16302795170, "beta": 1.185531, "enterpriseValue": 2959991898112, "priceHint": 2, "threeYearAverageReturn": null, "lastSplitDate": 1598832000, "lastSplitFactor": "4:1", "legalType": null, "lastDividendDate": 1643932800, "morningStarOverallRating": null, "earningsQuarterlyGrowth": 0.204, "priceToSalesTrailing12Months": 7.668314, "dateShortInterest": 1647302400, "pegRatio": 1.94, "ytdReturn": null, "forwardPE": 27.099087, "lastCapGain": null, "shortPercentOfFloat": 0.0068, "sharesShortPriorMonth": 108944701, "impliedSharesOutstanding": 0, "category": null, "fiveYearAverageReturn": null, "previousClose": 178.96, "regularMarketOpen": 178.55, "twoHundredDayAverage": 156.03505, "trailingAnnualDividendYield": 0.004833482, "payoutRatio": 0.1434, "volume24Hr": null, "regularMarketDayHigh": 179.61, "navPrice": null, "averageDailyVolume10Day": 93823630, "regularMarketPreviousClose": 178.96, "fiftyDayAverage": 166.498, "trailingAnnualDividendRate": 0.865, "open": 178.55, "toCurrency": null, "averageVolume10days": 93823630, "expireDate": null, "algorithm": null, "dividendRate": 0.88, "exDividendDate": 1643932800, "circulatingSupply": null, "startDate": null, "regularMarketDayLow": 176.7, "currency": "USD", "trailingPE": 29.55445, "regularMarketVolume": 92633154, "lastMarket": null, "maxSupply": null, "openInterest": null, "marketCap": 2901099675648, "volumeAllCurrencies": null, "strikePrice": null, "averageVolume": 95342043, "dayLow": 176.7, "ask": 178.53, "askSize": 800, "volume": 92633154, "fiftyTwoWeekHigh": 182.94, "fromCurrency": null, "fiveYearAvgDividendYield": 1.13, "fiftyTwoWeekLow": 122.25, "bid": 178.4, "tradeable": false, "dividendYield": 0.005, "bidSize": 3200, "dayHigh": 179.61, "regularMarketPrice": 177.77, "preMarketPrice": 178.38, "logo_url": "https://logo.clearbit.com/apple.com"}